yhat,yhat_lower,yhat_upper,year
0.612015661553688,0.2920823163015856,0.9240671908772325,1992
0.6207672123522744,0.2796566024435574,0.9286887002543409,1993
0.6294948514831769,0.3246763317782665,0.9154721080045459,1994
0.6382224901657704,0.3322560708720488,0.9569930620472017,1995
0.6469501295398722,0.33253144780736393,0.9797271068156093,1996
0.6557016804281134,0.35049659561466384,0.9529333692594153,1997
0.6644293197628144,0.35793132610576733,0.9769425882580182,1998
0.6731569594584195,0.36380756072504083,0.9744264258119008,1999
0.6818845997084564,0.3464432904286157,1.0117183943630996,2000
0.6906361517514504,0.38203509914088646,1.014921298709181,2001
0.6993637923020352,0.3849068541228282,1.0085350259958812,2002
0.7080914337310138,0.37687793035780115,1.0178473943946607,2003
0.7168190758360927,0.39524612769480183,1.020403294732894,2004
0.7255706455427753,0.41939051772669955,1.0260917067633173,2005
0.7342983041521419,0.40868147628094664,1.0450273279918894,2006
0.743025962448793,0.44786028000860656,1.061227941302548,2007
0.7517536211919008,0.455049086693008,1.0740530640348132,2008
0.7605051910840882,0.4471687885044356,1.0697581158839526,2009
0.7692328491226045,0.4577824521334679,1.0955491023972188,2010
0.777960507161121,0.47478260995021376,1.0783003063906653,2011
0.7866881651996372,0.4683812762955349,1.0980060131702467,2012
0.7954397346300399,0.48939872980773175,1.1107271291371532,2013
0.8041673926685562,0.5218093648543581,1.1135234688933762,2014
0.8215987973537027,0.4960377922222504,1.1692031601782502,2015
0.8303503667841052,0.5177082554489051,1.1388651827556815,2016
0.8390780248226216,0.5312595845884465,1.160959019943857,2017
0.847805682861138,0.5615116810358574,1.1546122220264872,2018
0.8565333408996543,0.5508263267243655,1.1679438898565748,2019
0.8652849103300569,0.546259170499516,1.1845033271140568,2020
0.8740125683685733,0.5769904019765144,1.1899371104246597,2021
0.8827402264070897,0.5647592223734406,1.1994873651218394,2022
0.891467884445606,0.5930488216760504,1.2094899840028837,2023
